<?xml version="1.0" encoding="UTF-8"?>
<project-private xmlns="http://www.netbeans.org/ns/project-private/1">
    <editor-bookmarks xmlns="http://www.netbeans.org/ns/editor-bookmarks/2" lastBookmarkId="0"/>
    <open-files xmlns="http://www.netbeans.org/ns/projectui-open-files/2">
        <group>
            <file>file:/D:/2018-Projects/Stich%20Counter/Stich_Counter.X/6_digit_7_segment_003.c</file>
            <file>file:/D:/2018-Projects/Stich%20Counter/Stich_Counter.X/DS1307.c</file>
        </group>
    </open-files>
</project-private>
