<?xml version="1.0" encoding="UTF-8"?>
<configurationDescriptor version="62">
  <logicalFolder name="root" displayName="root" projectFiles="true">
    <logicalFolder name="HeaderFiles"
                   displayName="Header Files"
                   projectFiles="true">
      <itemPath>D:/2018-Projects/Stich Counter/Stich_Counter.X/internal_eeprom.h</itemPath>
      <itemPath>D:/2018-Projects/Stich Counter/Stich_Counter.X/system_counter.h</itemPath>
      <itemPath>D:/2018-Projects/Stich Counter/Stich_Counter.X/HW_IO.h</itemPath>
    </logicalFolder>
    <logicalFolder name="LibraryFiles"
                   displayName="Library Files"
                   projectFiles="true">
    </logicalFolder>
    <logicalFolder name="LinkerScript"
                   displayName="Linker Files"
                   projectFiles="true">
    </logicalFolder>
    <logicalFolder name="ObjectFiles"
                   displayName="Object Files"
                   projectFiles="true">
    </logicalFolder>
    <logicalFolder name="SourceFiles"
                   displayName="Source Files"
                   projectFiles="true">
      <itemPath>D:/2018-Projects/Stich Counter/Stich_Counter.X/74595.C</itemPath>
      <itemPath>D:/2018-Projects/Stich Counter/Stich_Counter.X/DS1307.c</itemPath>
      <itemPath>D:/2018-Projects/Stich Counter/Stich_Counter.X/MUX.c</itemPath>
      <itemPath>D:/2018-Projects/Stich Counter/Stich_Counter.X/internal_eeprom.c</itemPath>
      <itemPath>D:/2018-Projects/Stich Counter/Stich_Counter.X/system_counter.c</itemPath>
      <itemPath>D:/2018-Projects/Stich Counter/Stich_Counter.X/6_digit_7_segment_003.c</itemPath>
      <itemPath>D:/2018-Projects/Stich Counter/QasimCode/6 Digit 7SEGMENT 74595_03/6 Digit 7SEGMENT 74595_03/74595.C</itemPath>
    </logicalFolder>
    <logicalFolder name="ExternalFiles"
                   displayName="Important Files"
                   projectFiles="false">
      <itemPath>Makefile</itemPath>
    </logicalFolder>
  </logicalFolder>
  <sourceRootList>
    <Elem>D:\2018-Projects\Stich Counter\Stich_Counter.X</Elem>
    <Elem>D:\2018-Projects\Stich Counter\QasimCode\6 Digit 7SEGMENT 74595_03</Elem>
    <Elem>C:\Program Files\PICC\Drivers</Elem>
  </sourceRootList>
  <projectmakefile>Makefile</projectmakefile>
  <confs>
    <conf name="default" type="2">
      <toolsSet>
        <developmentServer>localhost</developmentServer>
        <targetDevice>PIC18F46K22</targetDevice>
        <targetHeader></targetHeader>
        <targetPluginBoard></targetPluginBoard>
        <platformTool>PICkit3PlatformTool</platformTool>
        <languageToolchain>CCSC</languageToolchain>
        <languageToolchainVersion>5.070</languageToolchainVersion>
        <platform>3</platform>
      </toolsSet>
      <compileType>
        <linkerTool>
          <linkerLibItems>
          </linkerLibItems>
        </linkerTool>
        <archiverTool>
        </archiverTool>
        <loading>
          <useAlternateLoadableFile>false</useAlternateLoadableFile>
          <parseOnProdLoad>false</parseOnProdLoad>
          <alternateLoadableFile></alternateLoadableFile>
        </loading>
        <subordinates>
        </subordinates>
      </compileType>
      <makeCustomizationType>
        <makeCustomizationPreStepEnabled>false</makeCustomizationPreStepEnabled>
        <makeCustomizationPreStep></makeCustomizationPreStep>
        <makeCustomizationPostStepEnabled>false</makeCustomizationPostStepEnabled>
        <makeCustomizationPostStep></makeCustomizationPostStep>
        <makeCustomizationPutChecksumInUserID>false</makeCustomizationPutChecksumInUserID>
        <makeCustomizationEnableLongLines>false</makeCustomizationEnableLongLines>
        <makeCustomizationNormalizeHexFile>false</makeCustomizationNormalizeHexFile>
      </makeCustomizationType>
      <item path="D:/2018-Projects/Stich Counter/QasimCode/6 Digit 7SEGMENT 74595_03/6 Digit 7SEGMENT 74595_03/74595.C"
            ex="true"
            overriding="false">
        <ccscompiler>
        </ccscompiler>
      </item>
      <item path="D:/2018-Projects/Stich Counter/Stich_Counter.X/74595.C"
            ex="true"
            overriding="false">
        <ccscompiler>
        </ccscompiler>
      </item>
      <item path="D:/2018-Projects/Stich Counter/Stich_Counter.X/DS1307.c"
            ex="true"
            overriding="false">
        <ccscompiler>
        </ccscompiler>
      </item>
      <item path="D:/2018-Projects/Stich Counter/Stich_Counter.X/MUX.c"
            ex="true"
            overriding="false">
        <ccscompiler>
        </ccscompiler>
      </item>
      <item path="D:/2018-Projects/Stich Counter/Stich_Counter.X/internal_eeprom.c"
            ex="true"
            overriding="false">
        <ccscompiler>
        </ccscompiler>
      </item>
      <item path="D:/2018-Projects/Stich Counter/Stich_Counter.X/system_counter.c"
            ex="true"
            overriding="false">
        <ccscompiler>
        </ccscompiler>
      </item>
      <PICkit3PlatformTool>
        <property key="AutoSelectMemRanges" value="auto"/>
        <property key="Freeze Peripherals" value="true"/>
        <property key="SecureSegment.SegmentProgramming" value="FullChipProgramming"/>
        <property key="ToolFirmwareFilePath"
                  value="Press to browse for a specific firmware version"/>
        <property key="ToolFirmwareOption.UseLatestFirmware" value="true"/>
        <property key="hwtoolclock.frcindebug" value="false"/>
        <property key="memories.aux" value="false"/>
        <property key="memories.bootflash" value="true"/>
        <property key="memories.configurationmemory" value="true"/>
        <property key="memories.configurationmemory2" value="true"/>
        <property key="memories.dataflash" value="true"/>
        <property key="memories.eeprom" value="true"/>
        <property key="memories.flashdata" value="true"/>
        <property key="memories.id" value="true"/>
        <property key="memories.instruction.ram" value="true"/>
        <property key="memories.instruction.ram.ranges"
                  value="${memories.instruction.ram.ranges}"/>
        <property key="memories.programmemory" value="true"/>
        <property key="memories.programmemory.ranges" value="0-7fff"/>
        <property key="poweroptions.powerenable" value="true"/>
        <property key="programmertogo.imagename" value=""/>
        <property key="programoptions.donoteraseauxmem" value="false"/>
        <property key="programoptions.eraseb4program" value="true"/>
        <property key="programoptions.pgmspeed" value="2"/>
        <property key="programoptions.preservedataflash" value="false"/>
        <property key="programoptions.preservedataflash.ranges"
                  value="${programoptions.preservedataflash.ranges}"/>
        <property key="programoptions.preserveeeprom" value="false"/>
        <property key="programoptions.preserveeeprom.ranges" value="f00000-f000ff"/>
        <property key="programoptions.preserveprogram.ranges" value=""/>
        <property key="programoptions.preserveprogramrange" value="false"/>
        <property key="programoptions.preserveuserid" value="false"/>
        <property key="programoptions.programcalmem" value="false"/>
        <property key="programoptions.programuserotp" value="false"/>
        <property key="programoptions.testmodeentrymethod" value="VDDFirst"/>
        <property key="programoptions.usehighvoltageonmclr" value="false"/>
        <property key="programoptions.uselvpprogramming" value="false"/>
        <property key="voltagevalue" value="4.25"/>
      </PICkit3PlatformTool>
      <ccscompiler>
        <property key="close-after-compile" value="true"/>
        <property key="compile-for-icd" value="false"/>
        <property key="create-call-tree" value="true"/>
        <property key="create-project-file" value="true"/>
        <property key="create-stats-tree" value="true"/>
        <property key="create-symbol-file" value="true"/>
        <property key="debug-file" value="false"/>
        <property key="errors-and-warnings" value="+EA"/>
        <property key="extra-include-directories" value=""/>
        <property key="keep-after-compile" value="false"/>
        <property key="keep-for-xx-seconds" value=""/>
        <property key="keep-if-errors" value="false"/>
        <property key="keep-if-no-errors" value="false"/>
        <property key="keep-scratch-files-on-disk" value="true"/>
        <property key="list-file" value="+LN"/>
        <property key="list-file-extension" value=""/>
        <property key="old-error-file-format" value="false"/>
        <property key="opt-level" value="9"/>
        <property key="output-flags" value=""/>
        <property key="preprocessor-macros" value=""/>
      </ccscompiler>
    </conf>
  </confs>
</configurationDescriptor>
